{"cameraMode":{"drawMode":0,"name":"Shaded","section":"Shading Mode"},"sceneLighting":true,"audioPlay":false,"sceneViewState":{"m_AlwaysRefresh":false,"showFog":true,"showSkybox":true,"showFlares":true,"showImageEffects":true,"showParticleSystems":true,"showVisualEffectGraphs":true,"m_FxEnabled":true},"in2DMode":false,"pivot":{"x":41.293731689453128,"y":-280.7108154296875,"z":-381.574462890625},"rotation":{"x":-0.012756142765283585,"y":-0.9467677474021912,"z":0.3198547065258026,"w":-0.037186820060014728},"size":244.70965576171876,"orthographic":false}