{"cameraMode":{"drawMode":0,"name":"Shaded","section":"Shading Mode"},"sceneLighting":true,"audioPlay":false,"sceneViewState":{"m_AlwaysRefresh":false,"showFog":true,"showSkybox":true,"showFlares":true,"showImageEffects":true,"showParticleSystems":true,"showVisualEffectGraphs":true,"m_FxEnabled":true},"in2DMode":false,"pivot":{"x":44.48701477050781,"y":-3.6826486587524416,"z":35.97179412841797},"rotation":{"x":0.09616623818874359,"y":0.3926365375518799,"z":-0.04120493307709694,"w":0.9137799143791199},"size":31.156219482421876,"orthographic":false}